repo	files	apps	endpoints	regs	unres	A_silent_unh	splat	catchall	A_decl	A_unh	A_mod_unh	A_mod_raised_unh	A_mw_only	A_strict_unh	B_raises	B_caller	B_unh	B_strict_unh	B_unh_classes	C	C_naive	C_handles	C_asgi	yield_deps	yd_except	D	D_any
AgentGPT	84	2	16	1	0	0	0	-	5	0	0	0	0	0	1	0	0	0	0	0	0	0	0	1	0	0	0
FastAPI-boilerplate	120	1	34	2	0	0	1	M	21	0	0	0	9	9	0	0	0	0	0	1	1	1	0	1	0	0	0
argilla	509	4	76	8	0	0	0	H	72	0	0	0	0	52	3	0	0	0	0	1	1	0	0	2	0	0	0
chainlit	127	1	41	0	0	3	0	-	3	3	0	0	0	3	0	0	0	0	0	0	0	0	0	0	0	0	0
dispatch	651	3	290	2	0	0	0	M	27	0	0	0	27	27	0	0	0	0	0	5	5	3	0	0	0	0	0
fastapi-boilerplate	83	1	5	1	0	0	0	-	9	0	0	0	0	0	0	0	0	0	0	0	1	0	1	0	0	0	0
fastapi-clean-example	131	1	15	1	0	0	0	H	19	0	0	0	0	19	2	0	0	2	0	0	0	0	0	0	0	0	0
fastapi-react	20	1	10	0	0	0	0	-	0	0	0	0	0	0	0	0	0	0	0	0	0	0	0	1	0	0	0
fastapi-realworld-example-app	70	1	19	2	0	1	1	-	1	1	1	1	0	1	0	0	0	0	0	0	0	0	0	1	0	0	0
fastapi_best_architecture	292	1	138	7	1	0	0	H	13	0	0	0	0	4	280	0	0	0	0	2	0	0	0	2	0	0	0
fief	255	4	146	2	2	0	0	-	40	40	6	6	0	40	46	1	46	46	6	0	0	0	0	2	1	0	0
full-stack-fastapi-template	22	1	23	0	0	0	0	-	0	0	0	0	0	0	0	0	0	0	0	0	0	0	0	0	0	0	0
gpustack	424	5	282	3	0	0	0	M	15	0	0	0	13	13	2	2	0	2	0	3	3	2	0	1	0	0	14
khoj	110	3	103	0	0	3	0	-	3	3	0	0	0	3	1	4	1	1	1	2	2	1	0	0	0	0	12
langflow	1909	2	285	6	3	0	0	H	177	0	0	0	0	176	99	144	0	97	0	1	0	0	0	2	0	0	23
litellm	2817	11	766	5	0	0	0	H	213	0	0	0	0	209	210	151	0	1	0	0	0	0	1	0	0	0	12
llama-stack	628	1	107	7	0	0	0	H	34	0	0	0	0	17	24	0	0	24	0	0	1	0	3	0	0	0	0
lnbits	191	1	193	9	0	0	0	H	16	0	0	0	0	12	60	6	0	0	0	0	0	0	0	0	0	0	0
mealie	407	1	271	1	0	27	0	-	27	27	12	9	0	27	0	0	0	0	0	0	0	0	0	1	0	0	0
minimal-fastapi-postgres-template	18	1	8	0	0	0	0	-	0	0	0	0	0	0	0	0	0	0	0	0	0	0	0	1	0	0	0
onyx	1619	5	675	10	0	135	0	-	143	135	26	18	0	135	1858	162	18	18	5	1	0	0	0	10	0	0	22
open-webui	205	2	513	1	0	3	0	-	4	3	0	0	0	3	3	8	0	0	0	1	0	0	1	1	0	0	17
polar	1375	3	472	11	0	0	0	H	708	0	0	0	0	332	549	9	0	39	0	0	0	0	2	2	1	0	2
prefect	1098	8	198	4	0	0	1	H	149	0	0	0	0	148	4	31	0	0	0	0	0	0	0	0	0	0	0
python-ddd	104	1	12	3	0	5	0	-	12	5	5	1	0	5	0	0	0	0	0	0	0	0	0	1	0	0	0
